UID,Session,Experiment,Runs
1,001_SWJN_01_PL2017,SWJN,8
2,002_SWJN_05_PL2017,SWJN,8
3,003_SWJN_07_PL2017,SWJN,8
4,004_SWJN_09_PL2017,SWJN,8
5,005_SWJN_11_PL2017,SWJN,8
6,006_SWJN_12_PL2017,SWJN,8
7,007_KAN_parametric_07_PL2017,PassAudio,2
8,008_SWJNV2_01_PL2017,SWJNV2,8
9,009_SWJNV2_02_PL2017,SWJNV2,7
10,010_SWJNV2_03_PL2017,SWJNV2,8
11,011_SWJNV2_04_PL2017,SWJNV2,8
12,012_SWJNV2_05_PL2017,SWJNV2,8
13,013_SWJNV2_06_PL2017,SWJNV2,8
14,014_SWJNV2_07_PL2017,SWJNV2,8
15,015_SWJNV2_08_PL2017,SWJNV2,6
16,016_SWJNV2_09_PL2017,SWJNV2,6
17,017_domspec_09_PL2017,SWNlocIPS168,5
18,018_FED_20150817a_3T1_PL2017,langlocSN,2
19,019_KAN_langmus_05_PL2017,SWNlocIPS168,2
20,020_SWJNV2_12_PL2017,SWJNV2,6
21,021_domspec_10_PL2017,SWNlocIPS168,5
22,022_SWJNaudio_06_PL2017,SWJNaud,4
23,023_langmus_07_PL2017,SWNlocIPS168,4
24,024_SWJNV2_13_PL2017,SWJNV2,6
25,025_SWJNV2_15_PL2017,SWJNV2,6
26,026_SWJNaudio_11_PL2017,SWJNaud,4
27,027_SWJNaudio_12_PL2017,SWJNV2,4
28,028_SWJNaudio_13_PL2017,SWJNV2,4
29,029_SWJNaudio_14_PL2017,SWJNV2,4
30,030_KAN_langstroopBL_11_PL2017,SWNlocIPS168,5
31,031_SWJNaudio_16_PL2017,SWJNV2,4
32,032_SWJNaudio_17_PL2017,SWJNaud,4
33,033_SWJNaudio_18_PL2017,SWJNaud,4
34,034_domspec_01_PL2017,SWNlocIPS168,4
35,035_domspec_04_PL2017,SWNlocIPS168,4
36,036_KAN_EvDB_20150501b_PL2017,langlocSN,2
37,037_domspec_06_PL2017,SWNlocIPS168,4
38,038_domspec_07_PL2017,SWNlocIPS168,4
39,039_domspec_08_PL2017,SWNlocIPS168,5
40,040_domspec_11_PL2017,SWNlocIPS168,4
41,041_KAN_domspec_12_PL2017,SWNlocIPS168,5
42,042_KAN_domspec_13_PL2017,SWNlocIPS168,4
43,043_FED_20170630b_3T2_PL2017,langlocSN,2
44,044_langmus_02_PL2017,SWNlocIPS168,5
45,045_FED_20160817a_3T2_PL2017,langlocSN,2
46,046_KAN_langmus_08_PL2017,SWNlocIPS168,5
47,047_KAN_syntax_12_PL2017,SWNlocIPS168,4
48,048_langmus_10_PL2017,SWNlocIPS168,5
49,049_KAN_langmus_11_PL2017,SWNlocIPS168,5
50,050_KAN_evDB_20131218b_PL2017,langlocSN,2
51,051_langmus_13_PL2017,SWNlocIPS168,4
52,052_langmus_14_PL2017,SWNlocIPS168,5
53,053_KAN_reststate_01_PL2017,SWJNV2,2
54,054_KAN_langstroop_02_PL2017,SWNlocIPS168,3
55,055_FED_20191106a_3T2_PL2017,langlocSN,2
56,056_KAN_langstroop_04_PL2017,SWNlocIPS168,5
57,057_KAN_langevents_02_PL2017,SWNlocIPS168,5
58,058_domspec_14_PL2017,SWNlocIPS168,4
59,059_KAN_langevents_04_PL2017,SWNlocIPS168,4
60,060_domspec_15_PL2017,SWNlocIPS168,4
61,061_KAN_langstroopBL_05_PL2017,SWNlocIPS168,5
62,062_KAN_langstroopBL_06_PL2017,SWNlocIPS168,4
63,063_KAN_langstroopBL_07_PL2017,SWNlocIPS168,5
64,064_KAN_langstroopBL_08_PL2017,SWNlocIPS168,4
65,065_KAN_langstroopBL_09_PL2017,SWNlocIPS168,4
66,066_KAN_langstroopBL_10_PL2017,SWNlocIPS168,5
67,067_KAN_langevents_06_PL2017,SWNlocIPS168,5
68,068_KAN_langevents_07_PL2017,SWNlocIPS168,5
69,069_KAN_langevents_10_PL2017,SWNlocIPS168,4
70,070_KAN_langevents_11_PL2017,SWNlocIPS168,4
71,071_KAN_langstroopBL_12_PL2017,SWNlocIPS168,4
72,072_KAN_adapt_03_PL2017,SuperLocSN,2
73,073_KAN_langstroopBL_14_PL2017,SWNlocIPS168,4
74,074_KAN_langstroopBL_15_PL2017,SWNlocIPS168,4
75,075_KAN_langmustask_01_PL2017,SWNlocIPS168,4
76,076_KAN_langstroopBL_16_PL2017,SWNlocIPS168,4
77,077_KAN_langmustask_02_PL2017,SWNlocIPS168,4
78,078_KAN_langstroopBL_17_PL2017,SWNlocIPS168,4
79,079_KAN_langstroopBL_18_PL2017,SWNlocIPS168,4
80,080_KAN_langmustask_03_PL2017,SWNlocIPS168,4
81,081_KAN_langstroopBL_19_PL2017,SWNlocIPS168,4
82,082_KAN_langmustask_04_PL2017,SWNlocIPS168,4
83,083_KAN_langstroopBL_20_PL2017,SWNlocIPS168,4
84,084_KAN_syntax_02_PL2017,SWNlocIPS168,4
85,085_KAN_langstroopBL_22_PL2017,SWNlocIPS168,4
86,086_KAN_langstroopBL_23_PL2017,SWNlocIPS168,4
87,087_KAN_locmvpa_05_PL2017,SuperLocSN,2
89,089_KAN_langevents_15_PL2017,SWNlocIPS168,5
90,090_KAN_stories_01_PL2017,SWNlocIPS168,4
91,091_KAN_action_01_PL2017,SN,2
92,092_KAN_syntax_03_PL2017,SWNlocIPS168,4
93,093_KAN_action_03_PL2017,SN,2
94,094_KAN_action_05_PL2017,SN,2
95,095_KAN_parametric_01_PL2017,SuperLocSN,2
96,096_KAN_syntax_06_PL2017,SWNlocIPS168,4
97,097_KAN_RHnonlit_05_PL2017,langlocSN,2
98,098_KAN_stories_03_PL2017,SWNlocIPS168,4
99,099_KAN_syntax_10_PL2017,SWNlocIPS168,4
100,100_KAN_syntax_11_PL2017,SWNlocIPS168,4
101,101_KAN_lingviol_09_PL2017,SWNlocIPS168,3
102,102_KAN_action_06_PL2017,SN,2
103,103_KAN_adapt_14_PL2017,SuperLocSN,2
104,104_KAN_domspec_16_PL2017,SWNlocIPS168,5
105,105_KAN_domspec_17_PL2017,SWNlocIPS168,4
106,106_KAN_domspec_18_PL2017,SWNlocIPS168,4
107,107_KAN_lingviol_04_PL2017,SWNlocIPS168,3
108,108_KAN_domspec_19_PL2017,SWNlocIPS168,4
109,109_KAN_lingviol_05_PL2017,SWNlocIPS168,4
110,110_KAN_lingviol_07_PL2017,SWNlocIPS168,3
111,111_KAN_lingviol_08_PL2017,SWNlocIPS168,3
112,112_KAN_stories_06_PL2017,SWNloc_morph,2
113,113_KAN_freqamb_02_PL2017,SuperLocSN,2
114,114_KAN_stories_08_PL2017,SWNloc_morph,3
115,115_KAN_action_07_PL2017,SuperLocSN,2
116,116_KAN_langsyntaxshapes_01_PL2017,SWNloc_morph,3
117,117_KAN_langsyntaxshapes_02_PL2017,SWNloc_morph,3
118,118_KAN_syntshapes_03_PL2017,SWNloc_morph,3
119,119_KAN_syntshapes_04_PL2017,SWNloc_morph,3
120,120_KAN_action_08_PL2017,SuperLocSN,2
121,121_KAN_action_09_PL2017,SuperLocSN,2
122,122_KAN_langsyntaxshapes_05_PL2017,SWNloc_morphcont,3
123,123_KAN_adapt_09_PL2017,SuperLocSN,2
124,124_KAN_parametric_08_PL2017,SuperLocSN,2
125,125_KAN_action_12_PL2017,SuperLocSN,2
126,126_KAN_parametric_13_PL2017,SuperLocSN,2
127,127_KAN_prod_03_PL2017,SWNloc_NV,3
128,128_KAN_stories_16_PL2017,SuperLocSN,2
129,129_KAN_adapt_15_PL2017,SuperLocSN,2
130,130_KAN_syntshapes_10_PL2017,SWNloc_morph,3
131,131_KAN_syntshapes_12_PL2017,SuperLocSWN,3
132,132_KAN_langsyntaxshapes_13_PL2017,SWNloc_morph,3
133,133_KAN_adapt_01_PL2017,SuperLocSN,2
134,134_KAN_adapt_02_PL2017,SuperLocSN,2
135,135_KAN_RHnonlit_06_PL2017,langlocSN,2
136,136_KAN_adapt_05_PL2017,SuperLocSN,2
137,137_KAN_adapt_06_PL2017,SuperLocSN,2
138,138_KAN_langsens_02_PL2017,SuperLocSN,2
139,139_KAN_adapt_08_PL2017,SuperLocSN,2
140,140_KAN_prod_01_PL2017,SuperLocSN,2
141,141_KAN_adapt_10_PL2017,SuperLocSN,2
142,142_KAN_parametric_04_PL2017,SuperLocSN,2
143,143_FED_20160222a_3T2_PL2017,langlocSN,2
144,144_KAN_adapt_12_PL2017,SuperLocSN,2
145,145_KAN_stories_09_PL2017,SWNloc_NV,3
146,146_KAN_random_02_PL2017,SuperLocSN,2
147,147_KAN_prod_04_PL2017,SuperLocSN,2
148,148_KAN_freqamb_05_PL2017,SuperLocSN,2
149,149_KAN_EvDB_20150501a_PL2017,langlocSN,2
150,150_KAN_stories_12b_PL2017,funloc,2
151,151_KAN_parametric_06_PL2017,SuperLocSN,2
152,152_KAN_stories_13_PL2017,SWNloc_NV,3
153,153_KAN_stories_14_PL2017,SWNloc_NV,3
154,154_KAN_freqamb_03_PL2017,SuperLocSN,2
155,155_KAN_events2_03_PL2017,SuperLocSN,2
156,156_KAN_prod_06_PL2017,SuperLocSN,2
157,157_KAN_events2_01_PL2017,SuperLocSWN,3
158,158_KAN_locmvpa_01_PL2017,SuperLocSN,2
159,159_KAN_freqamb_06_PL2017,SuperLocSN,2
160,160_KAN_locmvpa_02_PL2017,SuperLocSN,2
161,161_KAN_parametric_09_PL2017,SuperLocSN,2
162,162_KAN_locmvpa_03_PL2017,SuperLocSN,2
163,163_KAN_locmvpa_04_PL2017,SuperLocSN,2
164,164_KAN_locmvpa_06_PL2017,SuperLocSN,2
165,165_KAN_prod_07_PL2017,SuperLocSN,2
166,166_KAN_locmvpa_07_PL2017,SuperLocSN,2
167,167_KAN_parametric_10_PL2017,SuperLocSN,2
168,168_KAN_parametric_11_PL2017,SuperLocSN,2
169,169_KAN_parametric_12_PL2017,SuperLocSN,2
170,170_KAN_locmvpa_08_PL2017,SuperLocSN,2
171,171_KAN_parametric_14_PL2017,SuperLocSN,2
172,172_KAN_locmvpa_09_PL2017,SuperLocSN,2
173,173_KAN_locmvpa_10_PL2017,SuperLocSN,2
174,174_KAN_locmvpa_11_PL2017,SuperLocSN,2
175,175_FED_20160121a_3T2_PL2017,langlocSN,2
176,176_KAN_stories_17_PL2017,SuperLocSN,2
177,177_KAN_stories_18_PL2017,SuperLocSN,2
178,178_KAN_parametric_15_PL2017,SuperLocSN,2
179,179_KAN_locmvpa_13_PL2017,SuperLocSN,2
180,180_KAN_events2_02_PL2017,SuperLocSN,3
181,181_KAN_polyglot_02_PL2017,langlocSN,2
182,182_FED_20161102_3T1_PL2017,langlocSN,2
183,183_KAN_polyglot_04a_PL2017,langlocSN,2
184,184_KAN_locmvpa_12_PL2017,SuperLocSN,2
185,185_KAN_langsens_01_PL2017,langlocSN,2
186,186_KAN_EvDB_20150316b_PL2017,funloc,2
187,187_KAN_SpLoc_01_PL2017,langlocSN,2
188,188_KAN_SpLoc_02_PL2017,langlocSN,2
189,189_KAN_langsens_04_PL2017,langlocSN,2
190,190_KAN_parametric_17_PL2017,SuperLocSN,2
191,191_KAN_prodsemphon_03_PL2017,langlocSN,2
192,192_KAN_prodsemphon_04_PL2017,langlocSN,2
193,193_KAN_SpLoc_03_PL2017,langlocSN,2
194,194_KAN_RHnonlit_04_PL2017,langlocSN,2
196,196_KAN_parametric_19_PL2017,langlocSN,2
197,197_KAN_RHnonlit_07_PL2017,langlocSN,2
198,198_KAN_RHnonlit_08_PL2017,langlocSN,2
199,199_KAN_parametric_20_PL2017,langlocSN,2
200,200_KAN_parametric_21_PL2017,langlocSN,2
201,201_KAN_RHnonlit_11_PL2017,langlocSN,2
202,202_KAN_evDB_20131204_PL2017,langlocSN,2
203,203_KAN_SpLoc_04_PL2017,langlocSN,2
204,204_KAN_prodsemphon_06_PL2017,langlocSN,2
205,205_KAN_evDB_20140701b_PL2017,funloc,2
206,206_KAN_evDB_20131218a_PL2017,langlocSN,2
207,207_KAN_evDB_20140113a_PL2017,langlocSN,2
208,208_KAN_EvDB_20150224a_PL2017,langlocSN,2
209,209_KAN_evDB_20140224_PL2017,langlocSN,2
210,210_KAN_evDB_20140303a_PL2017,funloc,2
211,211_KAN_evDB_20140303b_PL2017,langlocSN,2
212,212_KAN_evDB_20140303c_PL2017,langlocSN,2
213,213_KAN_evDB_20140310a_PL2017,langlocSN,2
214,214_KAN_evDB_20141021a_PL2017,funloc,2
215,215_FED_20150615d_3T2_PL2017,langlocSN,2
216,216_KAN_SpLoc_05_PL2017,langlocSN,2
217,217_KAN_evDB_20140724b_PL2017,langlocSN,2
218,218_KAN_evDB_20140807a_PL2017,langlocSN,2
219,219_KAN_evDB_20140807b_PL2017,langlocSN,2
220,220_KAN_prodsemphon_07_PL2017,langlocSN,2
221,221_KAN_evDB_20140808_PL2017,langlocSN,2
222,222_KAN_prodsemphon_08_PL2017,langlocSN,2
223,223_KAN_evDB_20140820a_PL2017,langlocSN,2
224,224_FED_20160823b_3T1_PL2017,langlocSN,2
225,225_KAN_evDB_20140820b_PL2017,langlocSN,2
226,226_KAN_prodsemphon_10_PL2017,langlocSN,2
227,227_KAN_evDB_20141021b_PL2017,langlocSN,2
228,228_KAN_evDB_20141028_PL2017,langlocSN,2
229,229_KAN_SpLoc_06_PL2017,langlocSN,2
230,230_KAN_evDB_20141027b_PL2017,funloc,2
231,231_KAN_prodsemphon_13_PL2017,langlocSN,2
232,232_KAN_prodsemphon_14_PL2017,langlocSN,2
233,233_KAN_evDB_20141020a_PL2017,langlocSN,2
234,234_KAN_prodsemphon_15_PL2017,langlocSN,2
235,235_KAN_prodsemphon_16_PL2017,langlocSN,2
236,236_KAN_evDB_20141021c_PL2017,langlocSN,2
237,237_KAN_evDB_20141027a_PL2017,langlocSN,2
238,238_KAN_EvDB_20150504_PL2017,langlocSN,2
239,239_KAN_evDB_20150129b_PL2017,langlocSN,2
240,240_KAN_evDB_20141103a_PL2017,langlocSN,2
241,241_KAN_evDB_20141103d_PL2017,langlocSN,2
242,242_KAN_evDB_20141110a_PL2017,funloc,2
243,243_KAN_prodsemphon_18_PL2017,langlocSN,2
244,244_KAN_evDB_20141201a_PL2017,funloc,2
245,245_KAN_evDB_20141201b_PL2017,langlocSN,2
246,246_KAN_evDB_20141201c_PL2017,langlocSN,2
247,247_KAN_evDB_20141215b_PL2017,langlocSN,2
248,248_KAN_evDB_20150129a_PL2017,langlocSN,2
249,249_FED_20170110a_3T2_PL2017,langlocSN,2
250,250_KAN_evDB_20150205a_PL2017,langlocSN,1
251,251_KAN_evDB_20150205b_PL2017,langlocSN,2
252,252_KAN_evDB_20150206_PL2017,langlocSN,2
253,253_KAN_EvDB_20150211a_PL2017,langlocSN,2
254,254_KAN_EvDB_20150211c_PL2017,langlocSN,2
255,255_KAN_EvDB_20150223a_PL2017,langlocSN,2
256,256_KAN_EvDB_20150223b_PL2017,langlocSN,2
257,257_KAN_EvDB_20150223c_PL2017,langlocSN,2
258,258_KAN_EvDB_20150224b_PL2017,langlocSN,2
259,259_KAN_EvDB_20150224c_PL2017,langlocSN,2
260,260_KAN_EvDB_20150303_PL2017,langlocSN,2
261,261_FED_20170828a_3T2_PL2017,langlocSN,2
262,262_FED_20170118a_3T2_PL2017,langlocSN,2
263,263_KAN_evDB_20150306_PL2017,langlocSN,2
264,264_KAN_EvDB_20150310c_PL2017,langlocSN,2
265,265_KAN_EvDB_20150310d_PL2017,langlocSN,2
266,266_KAN_EvDB_20150311c_PL2017,langlocSN,2
267,267_KAN_EvDB_20150316a_PL2017,langlocSN,2
268,268_KAN_EvDB_20150317a_PL2017,langlocSN,2
269,269_KAN_EvDB_20150317b_PL2017,langlocSN,2
270,270_KAN_EvDB_20150317c_PL2017,langlocSN,2
271,271_KAN_EvDB_20150323a_PL2017,langlocSN,2
272,272_KAN_EvDB_20150323b_PL2017,langlocSN,2
273,273_KAN_EvDB_20150323c_PL2017,langlocSN,2
274,274_KAN_EvDB_20150324a_PL2017,langlocSN,2
275,275_KAN_EvDB_20150324b_PL2017,langlocSN,2
276,276_KAN_EvDB_20150325a_PL2017,langlocSN,2
277,277_KAN_EvDB_20150325b_PL2017,langlocSN,2
278,278_KAN_EvDB_20150428a_PL2017,langlocSN,2
279,279_KAN_EvDB_20150429a_PL2017,langlocSN,2
280,280_KAN_EvDB_20150429b_PL2017,langlocSN,2
281,281_KAN_EvDB_20150429e_PL2017,langlocSN,2
282,282_KAN_EvDB_20150505a_PL2017,langlocSN,2
283,283_KAN_EvDB_20150505b_PL2017,langlocSN,2
284,284_KAN_EvDB_20150508_PL2017,langlocSN,2
286,286_KAN_EvDB_20150521a_PL2017,langlocSN,2
287,287_KAN_EvDB_20150521c_PL2017,langlocSN,2
288,288_FED_20150613a_3T1_PL2017,langlocSN,2
289,289_FED_20150613b_3T1_PL2017,langlocSN,2
290,290_FED_20170426a_3T2_PL2017,langlocSN,2
291,291_FED_20150615b_3T2_PL2017,langlocSN,2
292,292_FED_20150615c_3T2_PL2017,langlocSN,2
293,293_FED_20150619a_3T2_PL2017,langlocSN,2
294,294_FED_20150619b_3T2_PL2017,langlocSN,2
295,295_FED_20150625a_3T2_PL2017,langlocSN,2
296,296_FED_20150625b_3T2_PL2017,langlocSN,2
297,297_FED_20150625c_3T2_PL2017,langlocSN,2
298,298_FED_20150625d_3T2_PL2017,langlocSN,2
299,299_FED_20150708a_3T2_PL2017,langlocSN,2
300,300_FED_20150708b_3T2_PL2017,langlocSN,2
301,301_FED_20150708c_3T2_PL2017,langlocSN,2
302,302_FED_20150709a_3T2_PL2017,langlocSN,2
303,303_FED_20150709c_3T2_PL2017,langlocSN,2
304,304_FED_20150710a_3T2_PL2017,langlocSN,2
305,305_FED_20150710b_3T2_PL2017,langlocSN,2
306,306_FED_20150715a_3T2_PL2017,langlocSN,2
307,307_FED_20150715d_3T2_PL2017,langlocSN,2
308,308_FED_20150716a_3T2_PL2017,langlocSN,2
309,309_FED_20150717a_3T2_PL2017,langlocSN,2
310,310_FED_20150617a_3T2_PL2017,langlocSN,2
311,311_FED_20150617b_3T2_PL2017,langlocSN,2
312,312_FED_20170925a_3T2_PL2017,langlocSN,2
316,316_FED_20191106b_3T2_PL2017,langlocSN,2
318,318_FED_20191106d_3T2_PL2017,langlocSN,2
319,319_FED_20150624a_3T2_PL2017,langlocSN,2
320,320_FED_20150624c_3T2_PL2017,langlocSN,2
321,321_FED_20150819a_3T1_PL2017,langlocSN,2
322,322_FED_20150820a_3T2_PL2017,langlocSN,2
323,323_FED_20150823_3T2_PL2017,langlocSN,2
324,324_FED_20150827a_3T2_PL2017,langlocSN,2
325,325_FED_20150827b_3T2_PL2017,langlocSN,2
326,326_FED_20160523e_3T2_PL2017,langlocSN,2
327,327_FED_20150923b_3T2_PL2017,langlocSN,2
328,328_FED_20151106b_3T1_PL2017,langlocSN,2
329,329_FED_20151109a_3T1_PL2017,langlocSN,2
330,330_FED_20151111a_3T1_PL2017,langlocSN,2
331,331_FED_20151111c_3T1_PL2017,langlocSN,2
332,332_FED_20151113a_3T1_PL2017,langlocSN,2
333,333_FED_20151119a_3T1_PL2017,langlocSN,2
334,334_FED_20151119a_3T2_PL2017,langlocSN,2
335,335_FED_20151120a_3T1_PL2017,langlocSN,2
336,336_FED_20151212_3T1_PL2017,langlocSN,2
338,338_FED_20160112a_3T2_PL2017,langlocSN,2
339,339_FED_20151217a_3T2_PL2017,langlocSN,2
340,340_FED_20151217b_3T2_PL2017,langlocSN,2
341,341_FED_20151217c_3T2_PL2017,langlocSN,2
342,342_FED_20160105c_3T2_PL2017,langlocSN,2
343,343_FED_20160107a_3T2_PL2017,langlocSN,2
344,344_FED_20160107e_3T2_PL2017,langlocSN,2
345,345_FED_20160112b_3T2_PL2017,langlocSN,2
346,346_FED_20160112e_3T2_PL2017,langlocSN,2
347,347_FED_20160114e_3T2_PL2017,langlocSN,2
348,348_FED_20160119c_3T2_PL2017,langlocSN,2
349,349_FED_20160119d_3T2_PL2017,langlocSN,2
350,350_FED_20160121c_3T2_PL2017,langlocSN,2
351,351_FED_20160126a_3T2_PL2017,langlocSN,2
352,352_FED_20160126e_3T2_PL2017,langlocSN,2
353,353_FED_20160127a_3T1_PL2017,langlocSN,2
354,354_FED_20160128d_3T2_PL2017,langlocSN,2
355,355_FED_20160128e_3T2_PL2017,langlocSN,2
356,356_FED_20160202c_3T2_PL2017,langlocSN,2
357,357_FED_20160205m_3T2_PL2017,langlocSN,2
358,358_FED_20160208m_3T2_PL2017,langlocSN,2
359,359_FED_20160209m_3T2_PL2017,langlocSN,2
360,360_FED_20160211a_3T2_PL2017,langlocSN,2
361,361_FED_20160211b_3T2_PL2017,langlocSN,2
362,362_FED_20160212m_3T1_PL2017,langlocSN,2
363,363_FED_20160222b_3T2_PL2017,langlocSN,2
364,364_FED_20160229a_3T1_PL2017,langlocSN,2
365,365_FED_20170120a_3T2_PL2017,langlocSN,2
366,366_FED_20160229d_3T1_PL2017,langlocSN,2
367,367_FED_20160309b_3T1_PL2017,langlocSN,2
368,368_FED_20160310b_3T1_PL2017,langlocSN,2
369,369_FED_20160317b_3T1_PL2017,langlocSN,2
370,370_FED_20160317c_3T1_PL2017,langlocSN,2
371,371_FED_20160318a_3T1_PL2017,langlocSN,2
373,373_FED_20160318c_3T1_PL2017,langlocSN,2
375,375_FED_20160331d_3T1_PL2017,langlocSN,2
376,376_FED_20160401b_3T2_PL2017,langlocSN,2
377,377_FED_20160401a_3T2_PL2017,langlocSN,1
378,378_FED_20160405a_3T1_PL2017,langlocSN,2
379,379_FED_20160407a_3T1_PL2017,langlocSN,2
380,380_FED_20160407b_3T1_PL2017,langlocSN,2
381,381_FED_20160407c_3T1_PL2017,langlocSN,2
382,382_FED_20160407a_3T2_PL2017,langlocSN,2
383,383_POLY04_20160420a_3T1_PL2017,langlocSN,2
384,384_FED_20160421a_3T2_PL2017,langlocSN,2
385,385_POLY03_20160421_3T2_PL2017,langlocSN,2
386,386_FED_20160425d_3T1_PL2017,langlocSN,2
387,387_FED_20160425a_3T1_PL2017,langlocSN,2
388,388_FED_20160426b_3T1_PL2017,langlocSN,2
389,389_POLY02_20160425_3T1_PL2017,langlocSN,2
390,390_FED_20160428a_3T1_PL2017,langlocSN,2
391,391_FED_20160429a_3T2_PL2017,langlocSN,2
393,393_FED_20160504b_3T2_PL2017,langlocSN,2
394,394_POLY08_20160505_3T1_PL2017,langlocSN,2
395,395_FED_20160506a_3T2_PL2017,langlocSN,2
396,396_POLY09_20160512_3T1_PL2017,langlocSN,2
397,397_FED_20160516a_3T1_PL2017,langlocSN,2
398,398_FED_20160516b_3T1_PL2017,langlocSN,2
399,399_FED_20160519d_3T1_PL2017,langlocSN,2
400,400_FED_20160520a_3T1_PL2017,langlocSN,2
401,401_FED_20160520d_3T1_PL2017,langlocSN,2
402,402_FED_20160526c_3T1_PL2017,langlocSN,2
403,403_FED_20160526b_3T1_PL2017,langlocSN,2
404,404_FED_20160527a_3T2_PL2017,langlocSN,2
405,405_FED_20160531a_3T1_PL2017,langlocSN,2
406,406_FED_20160601a_3T1_PL2017,langlocSN,2
407,407_FED_20160616a_3T2_PL2017,langlocSN,2
408,408_FED_20160617a_3T2_PL2017,langlocSN,2
409,409_FED_20160728a_3T2_PL2017,langlocSN,2
410,410_FED_20160623b_3T2_PL2017,langlocSN,2
411,411_FED_20160624a_3T2_PL2017,langlocSN,2
412,412_FED_20160707a_3T1_PL2017,langlocSN,2
413,413_FED_20160707c_3T1_PL2017,langlocSN,2
414,414_FED_20160711b_3T1_PL2017,langlocSN,2
415,415_FED_20160714a_3T2_PL2017,langlocSN,2
416,416_FED_20160802a_3T1_PL2017,langlocSN,2
417,417_FED_20161104c_3T2_PL2017,SuperLocSN,2
418,418_FED_20160803a_3T2_PL2017,langlocSN,2
419,419_FED_20160805a_3T1_PL2017,langlocSN,2
420,420_FED_20160805b_3T1_PL2017,langlocSN,2
421,421_FED_20160804b_3T1_PL2017,langlocSN,2
422,422_FED_20160816a_3T1_PL2017,langlocSN,2
423,423_FED_20160817c_3T1_PL2017,langlocSN,2
424,424_FED_20160817a_3T1_PL2017,langlocSN,2
425,425_FED_20160818b_3T1_PL2017,langlocSN,2
426,426_FED_20160908d_3T1_PL2017,langlocSN,2
427,427_FED_20160823c_3T1_PL2017,langlocSN,2
428,428_FED_20160906a_3T2_PL2017,langlocSN,2
429,429_FED_20160906b_3T2_PL2017,langlocSN,2
430,430_FED_20170614c_3T2_PL2017,langlocSN,2
431,431_FED_20160907d_3T2_PL2017,langlocSN,2
432,432_FED_20160907a_3T2_PL2017,langlocSN,2
433,433_FED_20160908c_3T1_PL2017,langlocSN,2
434,434_FED_20160909c_3T2_PL2017,langlocSN,2
435,435_FED_20160909b_3T2_PL2017,langlocSN,2
436,436_FED_20160909d_3T2_PL2017,langlocSN,2
437,437_FED_20160929_3T1_PL2017,langlocSN,2
438,438_FED_20160929a_3T1_PL2017,langlocSN,2
439,439_POLY10_20160930_3T1_PL2017,langlocSN,2
440,440_FED_20160930_3T2_PL2017,langlocSN,2
441,441_FED_20161004a_3T1_PL2017,langlocSN,2
442,442_FED_20161004b_3T1_PL2017,langlocSN,2
443,443_FED_20161005_3T1_PL2017,langlocSN,2
444,444_FED_20161006_3T1_PL2017,langlocSN,2
445,445_FED_20161007_3T2_PL2017,langlocSN,2
446,446_FED_20161007_3T2_PL2017,langlocSN,2
447,447_FED_20161012a_3T2_PL2017,langlocSN,2
448,448_FED_20161012b_3T2_PL2017,langlocSN,2
449,449_FED_20170201b_3T2_PL2017,langlocSN,2
450,450_FED_20161012_3T1_PL2017,langlocSN,2
451,451_FED_20161013_3T1_PL2017,langlocSN,2
452,452_POLY11_20161014_3T1_PL2017,langlocSN,2
453,453_FED_20161014_3T1_PL2017,langlocSN,2
454,454_FED_20161017_3T1_PL2017,langlocSN,2
455,455_FED_20161018_3T1_PL2017,langlocSN,2
456,456_FED_20161019b_3T1_PL2017,langlocSN,2
457,457_FED_20161020_3T2_PL2017,langlocSN,2
458,458_FED_20161021_3T2_PL2017,langlocSN,2
459,459_FED_20161021_3T2_PL2017,langlocSN,2
460,460_FED_20161025_3T1_PL2017,langlocSN,2
461,461_FED_20161025a_3T1_PL2017,langlocSN,2
462,462_FED_20161026_3T1_PL2017,langlocSN,2
463,463_FED_20161026_3T1_PL2017,langlocSN,2
464,464_FED_20161028_3T2_PL2017,langlocSN,2
465,465_FED_20161027_3T1_PL2017,langlocSN,2
466,466_FED_20161027_3T1_PL2017,langlocSN,2
467,467_FED_20161028_3T1_PL2017,langlocSN,2
468,468_FED_20161031_3T1_PL2017,langlocSN,2
469,469_FED_20161031_3T1_PL2017,langlocSN,2
470,470_FED_20161101_3T1_PL2017,langlocSN,2
471,471_FED_20161101_3T1_PL2017,langlocSN,2
472,472_FED_20161101a_3T2_PL2017,langlocSN,2
473,473_FED_20190731a_3T2_PL2017,langlocSN,2
474,474_FED_20161102_3T1_PL2017,langlocSN,2
475,475_FED_20161103a_3T2_PL2017,langlocSN,2
476,476_FED_20161103b_3T2_PL2017,SuperLocSN,2
477,477_FED_20161103_3T2_PL2017,langlocSN,2
478,478_FED_20161103_3T2_PL2017,langlocSN,2
479,479_FED_20161104a_3T2_PL2017,langlocSN,2
480,480_FED_20161104_3T1_PL2017,langlocSN,2
481,481_FED_20161107_3T1_PL2017,langlocSN,2
482,482_FED_20161104_3T1_PL2017,langlocSN,2
483,483_FED_20161107d_3T2_PL2017,SuperLocSN,2
484,484_FED_20161108_3T1_PL2017,langlocSN,2
485,485_FED_20161108c_3T2_PL2017,SuperLocSN,2
486,486_FED_20161108e_3T2_PL2017,SuperLocSN,2
487,487_FED_20161109e_3T1_PL2017,langlocSN,2
488,488_FED_20161109_3T2_PL2017,langlocSN,2
489,489_FED_20161114d_3T1_PL2017,langlocSN,2
490,490_FED_20161115_3T1_PL2017,langlocSN,2
491,491_FED_20161115_3T1_PL2017,langlocSN,2
492,492_FED_20161116_3T2_PL2017,langlocSN,2
493,493_FED_20161117_3T1_PL2017,langlocSN,2
494,494_FED_20161114a_3T1_PL2017,langlocSN,2
495,495_FED_20161114_3T2_PL2017,langlocSN,2
496,496_FED_20161118_3T1_PL2017,langlocSN,2
497,497_FED_20161118_3T1_PL2017,langlocSN,2
498,498_FED_20161121a_3T1_PL2017,langlocSN,2
499,499_FED_20161121b_3T1_PL2017,langlocSN,2
500,500_FED_20161121_3T1_PL2017,langlocSN,2
501,501_FED_20161122_3T1_PL2017,langlocSN,2
502,502_FED_20161122_3T1_PL2017,langlocSN,2
503,503_FED_20161128_3T2_PL2017,langlocSN,2
504,504_FED_20161130_3T2_PL2017,langlocSN,2
505,505_FED_20161204_3T2_PL2017,langlocSN,2
506,506_FED_20161205_3T2_PL2017,langlocSN,2
507,507_FED_20161207_3T2_PL2017,langlocSN,2
508,508_FED_20161208_3T2_PL2017,langlocSN,2
509,509_FED_20161208_3T2_PL2017,langlocSN,2
510,510_FED_20161212_3T2_PL2017,langlocSN,2
511,511_POLY12_20161212_3T2_PL2017,langlocSN,2
512,512_FED_20161213_3T2_PL2017,langlocSN,2
513,513_FED_20161215_3T2_PL2017,langlocSN,2
514,514_FED_20161215_3T2_PL2017,langlocSN,2
515,515_FED_20161216_3T2_PL2017,langlocSN,2
517,517_FED_20161219_3T2_PL2017,langlocSN,2
518,518_FED_20161219_3T2_PL2017,langlocSN,2
519,519_FED_20161220_3T2_PL2017,langlocSN,2
520,520_FED_20161227a_3T2_PL2017,langlocSN,2
521,521_FED_20161228a_3T2_PL2017,langlocSN,2
522,522_FED_20161228e_3T2_PL2017,langlocSN,2
523,523_FED_20161227b_3T2_PL2017,langlocSN,2
524,524_FED_20170105a_3T2_PL2017,langlocSN,2
525,525_FED_20170109a_3T2_PL2017,langlocSN,2
526,526_FED_20170111a_3T2_PL2017,langlocSN,2
527,527_FED_20170113a_3T2_PL2017,langlocSN,2
528,528_FED_20170116a_3T2_PL2017,langlocSN,2
529,529_FED_20170116b_3T2_PL2017,langlocSN,2
530,530_FED_20170114a_3T2_PL2017,langlocSN,2
531,531_FED_20170117a_3T2_PL2017,langlocSN,2
532,532_FED_20170118b_3T2_PL2017,langlocSN,2
533,533_FED_20170119_3T2_PL2017,langlocSN,2
534,534_FED_20170119b_3T2_PL2017,langlocSN,2
535,535_FED_20170123b_3T2_PL2017,langlocSN,2
536,536_FED_20170125a_3T2_PL2017,langlocSN,2
537,537_FED_20170126b_3T2_PL2017,langlocSN,2
538,538_FED_20170127_3T2_PL2017,langlocSN,2
539,539_FED_20170127a_3T2_PL2017,langlocSN,2
540,540_FED_20170201a_3T2_PL2017,langlocSN,2
541,541_FED_20170203b_3T2_PL2017,langlocSN,2
542,542_FED_20170207_3T2_PL2017,langlocSN,2
543,543_FED_20170206_3T2_PL2017,langlocSN,2
544,544_FED_20170210_3T2_PL2017,langlocSN,2
545,545_FED_20170217c_3T2_PL2017,langlocSN,2
546,546_FED_20170223_3T2_PL2017,langlocSN,2
547,547_FED_20170222_3T2_PL2017,langlocSN,2
548,548_FED_20170227_3T2_PL2017,langlocSN,2
549,549_FED_20170228a_3T2_PL2017,langlocSN,2
550,550_FED_20170228c_3T2_PL2017,langlocSN,2
551,551_FED_20170302b_3T2_PL2017,langlocSN,2
552,552_FED_20170307a_3T2_PL2017,langlocSN,2
553,553_FED_20170313d_3T2_PL2017,langlocSN,2
554,554_FED_20170315a_3T2_PL2017,langlocSN,2
555,555_FED_20170315b_3T2_PL2017,langlocSN,2
556,556_FED_20170316b_3T2_PL2017,langlocSN,2
557,557_FED_20170317a_3T2_PL2017,langlocSN,2
558,558_FED_20170320a_3T2_PL2017,langlocSN,2
559,559_FED_20170320c_3T2_PL2017,langlocSN,2
561,561_FED_20170327_3T2_PL2017,langlocSN,2
562,562_FED_20170327b_3T2_PL2017,langlocSN,2
563,563_FED_20170327c_3T2_PL2017,langlocSN,2
564,564_FED_20170406_3T2_PL2017,langlocSN,2
565,565_FED_20170406_3T2_PL2017,langlocSN,2
566,566_FED_20170407a_3T2_PL2017,langlocSN,2
567,567_FED_20170407b_3T2_PL2017,langlocSN,2
568,568_FED_20170407c_3T2_PL2017,langlocSN,2
569,569_FED_20170410b_3T2_PL2017,langlocSN,2
570,570_FED_20170410_3T2_PL2017,langlocSN,2
571,571_FED_20170412c_3T2_PL2017,langlocSN,2
572,572_FED_20170413a_3T2_PL2017,langlocSN,2
573,573_FED_20170413b_3T2_PL2017,langlocSN,2
574,574_FED_20170413c_3T2_PL2017,langlocSN,2
575,575_FED_20170414a_3T2_PL2017,langlocSN,2
576,576_FED_20171006a_3T2_PL2017,langlocSN,2
577,577_FED_20170414c_3T2_PL2017,langlocSN,2
578,578_FED_20170414d_3T2_PL2017,langlocSN,2
579,579_FED_20170418_3T2_PL2017,langlocSN,2
580,580_FED_20170418_3T2_PL2017,langlocSN,2
581,581_FED_20170418_3T2_PL2017,langlocSN,2
582,582_FED_20170420a_3T2_PL2017,langlocSN,2
583,583_FED_20170720d_3T2_PL2017,langlocSN,2
584,584_FED_20170421a_3T2_PL2017,langlocSN,2
585,585_FED_20170329a_3T2_PL2017,langlocSN,2
586,586_FED_20170331b_3T2_PL2017,langlocSN,2
587,587_FED_20170423a_3T2_PL2017,langlocSN,2
588,588_FED_20170422c_3T2_PL2017,langlocSN,2
589,589_FED_20170422a_3T2_PL2017,langlocSN,2
590,590_FED_20170422b_3T2_PL2017,langlocSN,2
591,591_FED_20170422d_3T2_PL2017,langlocSN,2
592,592_FED_20170423b_3T2_PL2017,langlocSN,2
593,593_FED_20170423c_3T2_PL2017,langlocSN,2
594,594_FED_20170423d_3T2_PL2017,langlocSN,2
595,595_FED_20170425b_3T2_PL2017,langlocSN,2
596,596_FED_20170426b_3T2_PL2017,langlocSN,2
597,597_FED_20170427a_3T2_PL2017,langlocSN,2
598,598_FED_20170428a_3T2_PL2017,langlocSN,2
599,599_FED_20170427c_3T2_PL2017,langlocSN,2
600,600_FED_20170428b_3T2_PL2017,langlocSN,2
601,601_FED_20170501a_3T2_PL2017,langlocSN,2
602,602_FED_20170501b_3T2_PL2017,langloc_DiffTasks_1,2
603,603_FED_20170502a_3T2_PL2017,langlocSN,2
604,604_FED_20170502b_3T2_PL2017,langloc_DiffTasks_1,2
605,605_FED_20170505a_3T2_PL2017,langloc_DiffTasks_1,2
606,606_FED_20170515a_3T2_PL2017,langloc_DiffTasks_1,2
607,607_FED_20170517a_3T2_PL2017,langlocSN,2
608,608_FED_20170518a_3T2_PL2017,langlocSN,2
609,609_FED_20170523c_3T2_PL2017,langlocSN,2
610,610_FED_20170523a_3T2_PL2017,langlocSN,2
611,611_FED_20170524_3T2_PL2017,langlocSN,2
612,612_FED_20170526c_3T2_PL2017,langlocSN,2
613,613_FED_20170526a_3T2_PL2017,langlocSN,2
614,614_FED_20170525a_3T2_PL2017,langlocSN,2
617,617_FED_20170605_3T2_PL2017,langlocSN,2
618,618_FED_20170612_3T2_PL2017,langlocSN,2
619,619_FED_20170613_3T2_PL2017,langlocSN,2
620,620_FED_20170613_3T2_PL2017,langlocSN,2
624,624_FED_20170619b_3T2_PL2017,langlocSN,2
625,625_FED_20170619a_3T2_PL2017,langlocSN,2
626,626_FED_20170619c_3T2_PL2017,langlocSN,2
627,627_FED_20170620a_3T2_PL2017,langlocSN,2
628,628_FED_20170620_3T2_PL2017,langlocSN,2
629,629_FED_20171215a_3T2_PL2017,langlocSN,2
630,630_FED_20170621c_3T2_PL2017,langlocSN,2
632,632_FED_20170623a_3T2_PL2017,langlocSN,2
633,633_FED_20170626a_3T2_PL2017,langlocSN,2
634,634_FED_20170626_3T2_PL2017,langlocSN,2
635,635_FED_20170627_3T2_PL2017,langlocSN,2
636,636_FED_20170628b_3T2_PL2017,langlocSN,2
637,637_FED_20170628c_3T2_PL2017,langlocSN,2
638,638_FED_20170628_3T2_PL2017,langlocSN,2
640,640_FED_20170629c_3T2_PL2017,langlocSN,2
641,641_FED_20170629b_3T2_PL2017,langlocSN,2
642,642_FED_20170629a_3T2_PL2017,langlocSN,2
643,643_FED_20170630c_3T2_PL2017,langlocSN,2
645,645_FED_20170630e_3T2_PL2017,langlocSN,2
647,647_FED_20170705_3T2_PL2017,langlocSN,2
648,648_FED_20170707_3T2_PL2017,langlocSN,2
649,649_FED_20170710c_3T2_PL2017,langlocSN,2
654,654_Princeton_SUB01_20150903-0903-1536_PL2017,langlocSN,2
655,655_FED_20170724a_3T2_PL2017,langlocSN,2
656,656_FED_20170724c_3T2_PL2017,langlocSN,2
657,657_POLY18_20170724b_3T2_PL2017,langlocSN,2
658,658_FED_20170725d_3T2_PL2017,langlocSN,2
659,659_FED_20170726d_3T2_PL2017,langlocSN,2
660,660_FED_20170728c_3T2_PL2017,langlocSN,2
661,661_FED_20170731b_3T2_PL2017,langlocSN,2
662,662_FED_20170803b_3T2_PL2017,langlocSN,2
663,663_POLY19_20170803c_3T2_PL2017,langlocSN,2
664,664_FED_20170816a_3T2_PL2017,langlocSN,2
665,665_FED_20170828b_3T2_PL2017,langlocSN,2
666,666_FED_20170830a_3T2_PL2017,langlocSN,2
667,667_FED_20170831a_3T2_PL2017,langlocSN,2
668,668_POLY20_20170928a_3T2_PL2017,langlocSN,2
669,669_FED_20171108a_3T2_PL2017,langlocSN,2
670,670_FED_20171208a_3T2_PL2017,langlocSN,2
671,671_FED_20180625a_3T2_PL2017,langlocSN,2
672,672_FED_20180702a_3T2_PL2017,langlocSN,2
673,673_FED_20180720a_3T2_PL2017,langloc_DiffTasks_1,2
674,674_FED_20180720b_3T2_PL2017,langloc_DiffTasks_1,2
675,675_FED_20180726a_3T2_PL2017,langloc_DiffTasks_1,2
676,676_FED_20180727a_3T2_PL2017,langlocSN,2
677,677_FED_20180729a_3T2_PL2017,langlocSN,2
678,678_FED_20180730a_3T2_PL2017,langlocSN,2
679,679_FED_20190214c_3T2_PL2017,langloc_DiffTasks_1,2
680,680_FED_20180802b_3T2_PL2017,langlocSN,2
681,681_FED_20180803a_3T2_PL2017,langlocSN,2
682,682_FED_20190426a_3T2_PL2017,langlocSN,2
683,683_FED_20180803c_3T2_PL2017,langlocSN,2
684,684_FED_20180803d_3T2_PL2017,langlocSN,2
685,685_FED_20180808a_3T2_PL2017,langlocSN,2
686,686_FED_20180809a_3T2_PL2017,langlocSN,2
687,687_FED_20180809b_3T2_PL2017,langlocSN,2
688,688_FED_20180914a_3T2_PL2017,langlocSN,2
689,689_FED_20181010a_3T2_PL2017,langlocSN,2
690,690_FED_20181012a_3T2_PL2017,langlocSN,2
691,691_FED_20181018a_3T2_PL2017,langlocSN,2
692,692_FED_20181018b_3T2_PL2017,langlocSN,2
693,693_FED_20181029a_3T2_PL2017,langlocSN,2
694,694_FED_20181101a_3T2_PL2017,langlocSN,2
695,695_FED_20181113a_3T2_PL2017,langlocSN,2
696,696_FED_20181115a_3T2_PL2017,langlocSN,2
697,697_FED_20181119a_3T2_PL2017,langlocSN,2
698,698_FED_20181129a_3T2_PL2017,langlocSN,2
699,699_FED_20181129b_3T2_PL2017,langlocSN,2
700,700_FED_20181128a_3T2_PL2017,langlocSN,2
701,701_POLY21_20181212a_3T2_PL2017,langlocSN,2
702,702_FED_20181214a_3T2_PL2017,langlocSN,2
703,703_FED_20181221a_3T2_PL2017,langlocSN,2
704,704_FED_20190107a_3T2_PL2017,langlocSN,2
705,705_FED_20190117a_3T2_PL2017,langlocSN,2
706,706_FED_20190117b_3T2_PL2017,langlocSN,2
707,707_FED_20190117c_3T2_PL2017,langloc_DiffTasks_1,2
709,709_FED_20190124a_3T2_PL2017,langloc_DiffTasks_1,2
710,710_FED_20190124b_3T2_PL2017,langloc_DiffTasks_1,2
712,712_FED_20190124d_3T2_PL2017,langloc_DiffTasks_1,2
713,713_FED_20190130a_3T2_PL2017,langlocSN,2
714,714_FED_20200220a_3T2_PL2017,langlocSN,2
715,715_FED_20190131b_3T2_PL2017,langloc_DiffTasks_1,2
716,716_FED_20190131d_3T2_PL2017,langloc_DiffTasks_1,2
717,717_FED_20190207a_3T2_PL2017,langloc_DiffTasks_1,2
719,719_FED_20190207c_3T2_PL2017,langloc_DiffTasks_1,2
720,720_FED_20190208b_3T2_PL2017,langloc_DiffTasks_1,2
721,721_FED_20190605a_3T2_PL2017,langlocSN,2
722,722_FED_20190213a_3T2_PL2017,langloc_DiffTasks_1,2
723,723_FED_20190214a_3T2_PL2017,langloc_DiffTasks_1,1
724,724_FED_20190802a_3T2_PL2017,langlocSN,2
725,725_FED_20190215a_3T2_PL2017,langlocSN,2
726,726_FED_20190226a_3T2_PL2017,langlocSN,2
727,727_FED_20190226b_3T2_PL2017,langlocSN,2
728,728_FED_20190226c_3T2_PL2017,langlocSN,2
729,729_FED_20190226d_3T2_PL2017,langlocSN,2
730,730_FED_20190306a_3T2_PL2017,langlocSN,2
731,731_FED_20190306b_3T2_PL2017,langlocSN,2
732,732_FED_20190307_3T2_PL2017,langlocSN,2
733,733_FED_20190307b_3T2_PL2017,langlocSN,2
734,734_FED_20190313a_3T2_PL2017,langlocSN,2
735,735_FED_20190314a_3T2_PL2017,langlocSN,2
736,736_FED_20190314b_3T2_PL2017,langlocSN,2
737,737_FED_20190314c_3T2_PL2017,langlocSN,2
738,738_FED_20190319a_3T2_PL2017,langlocSN,2
739,739_FED_20190319b_3T2_PL2017,langlocSN,2
740,740_FED_20190319c_3T2_PL2017,langlocSN,2
741,741_FED_20190320a_3T2_PL2017,langlocSN,2
742,742_FED_20190320b_3T2_PL2017,langlocSN,2
743,743_FED_20190320c_3T2_PL2017,langlocSN,2
744,744_FED_20190320d_3T2_PL2017,langlocSN,2
745,745_FED_20190321a_3T2_PL2017,langlocSN,2
746,746_FED_20190328a_3T2_PL2017,langlocSN,2
747,747_FED_20190328b_3T2_PL2017,langlocSN,2
748,748_FED_20190328c_3T2_PL2017,langlocSN,2
749,749_FED_20190404a_3T2_PL2017,langlocSN,2
750,750_FED_20190404b_3T2_PL2017,langlocSN,2
751,751_FED_20190404c_3T2_PL2017,langlocSN,2
752,752_FED_20190404d_3T2_PL2017,langlocSN,2
753,753_FED_20190405a_3T2_PL2017,langlocSN,2
754,754_FED_20190405b_3T2_PL2017,langlocSN,2
755,755_FED_20190411a_3T2_PL2017,langlocSN,2
756,756_FED_20190411b_3T2_PL2017,langlocSN,2
757,757_FED_20190411c_3T2_PL2017,langlocSN,2
758,758_FED_20190411d_3T2_PL2017,langlocSN,2
759,759_FED_20190415a_3T2_PL2017,langlocSN,2
760,760_FED_20190415b_3T2_PL2017,langlocSN,2
761,761_FED_20190416a_3T2_PL2017,langlocSN,2
762,762_FED_20190416b_3T2_PL2017,langlocSN,2
763,763_FED_20190416c_3T2_PL2017,langlocSN,2
764,764_FED_20190416d_3T2_PL2017,langlocSN,2
765,765_FED_20190417a_3T2_PL2017,langlocSN,2
766,766_FED_20190418a_3T2_PL2017,langlocSN,2
767,767_FED_20190402a_3T2_PL2017,langlocSN,2
768,768_FED_20190517a_3T2_PL2017,langlocSN,2
769,769_FED_20190522a_3T2_PL2017,langlocSN,2
770,770_FED_20190523b_3T2_PL2017,langlocSN,2
771,771_FED_20190525a_3T2_PL2017,langlocSN,2
772,772_FED_20190525b_3T2_PL2017,langlocSN,2
773,773_FED_20190605c_3T2_PL2017,langlocSN,2
774,774_FED_20190605b_3T2_PL2017,langlocSN,2
775,775_FED_20190611a_3T2_PL2017,langlocSN,2
776,776_FED_20190611b_3T2_PL2017,langlocSN,2
777,777_FED_20190611c_3T2_PL2017,langlocSN,2
778,778_FED_20190614b_3T2_PL2017,langlocSN,2
779,779_FED_20191106e_3T2_PL2017,langlocSN,2
781,781_FED_20190625d_3T2_PL2017,langlocSN,2
782,782_FED_20190626a_3T2_PL2017,langlocSN,2
783,783_FED_20190627a_3T2_PL2017,langlocSN,2
784,784_FED_20190712b_3T2_PL2017,langlocSN,2
785,785_FED_20190714a_3T2_PL2017,langlocSN,2
786,786_FED_20190719b_3T2_PL2017,langlocSN,2
787,787_FED_20190719c_3T2_PL2017,langlocSN,2
788,788_FED_20191120b_3T2_PL2017,langlocSN,2
789,789_FED_20190726a_3T2_PL2017,langlocSN,2
790,790_FED_20190730a_3T2_PL2017,langlocSN,2
791,791_FED_20191023a_3T2_PL2017,langlocSN,2
792,792_FED_20191023b_3T2_PL2017,langlocSN,2
793,793_FED_20191023c_3T2_PL2017,langlocSN,2
794,794_FED_20191023d_3T2_PL2017,langlocSN,2
795,795_FED_20191030b_3T2_PL2017,langlocSN,2
796,796_FED_20191030c_3T2_PL2017,langlocSN,2
797,797_FED_20200226a_3T2_PL2017,langlocSN,2
798,798_POLY22_20191014a_3T2_PL2017,langlocSN,2
799,799_FED_20191031a_3T2_PL2017,langlocSN,2
800,800_FED_20191102a_3T2_PL2017,langlocSN,2
801,801_FED_20191113a_3T2_PL2017,langlocSN,2
803,803_FED_20191120d_3T2_PL2017,langlocSN,2
804,804_FED_20191122a_3T2_PL2017,langlocSN,2
805,805_FED_20191204a_3T2_PL2017,langlocSN,2
806,806_FED_20191204b_3T2_PL2017,langlocSN,2
807,807_FED_20191204c_3T2_PL2017,langlocSN,2
808,808_FED_20191210a_3T2_PL2017,langlocSN,2
809,809_FED_20191212b_3T2_PL2017,langlocSN,2
810,810_FED_20191212a_3T2_PL2017,langlocSN,2
811,811_FED_20191213a_3T2_PL2017,langlocSN,2
812,812_FED_20191213b_3T2_PL2017,langlocSN,2
813,813_FED_20191213c_3T2_PL2017,langlocSN,2
814,814_FED_20200113b_3T2_PL2017,langlocSN,2
815,815_FED_20200113c_3T2_PL2017,langlocSN,2
816,816_FED_20200117a_3T2_PL2017,langlocSN,2
817,817_FED_20200117b_3T2_PL2017,langlocSN,2
818,818_FED_20200117c_3T2_PL2017,langlocSN,2
819,819_FED_20200117d_3T2_PL2017,langlocSN,2
820,820_FED_20200120a_3T2_PL2017,langlocSN,2
821,821_FED_20200305c_3T2_PL2017,langlocSN,2
822,822_FED_20200123b_3T2_PL2017,langlocSN,2
823,823_FED_20200123c_3T2_PL2017,langlocSN,2
824,824_FED_20200130a_3T2_PL2017,langlocSN,2
825,825_FED_20200220b_3T2_PL2017,langlocSN,2
826,826_FED_20200130c_3T2_PL2017,langlocSN,2
827,827_FED_20200130d_3T2_PL2017,langlocSN,2
828,828_FED_20200205c_3T2_PL2017,langlocSN,2
829,829_FED_20200211a_3T2_PL2017,langlocSN,2
830,830_FED_20200213a_3T2_PL2017,langlocSN,2
831,831_FED_20200213b_3T2_PL2017,langlocSN,2
832,832_FED_20200220c_3T2_PL2017,langlocSN,2
833,833_FED_20200224a_3T2_PL2017,langlocSN,2
834,834_FED_20200303a_3T2_PL2017,langlocSN,2
835,835_FED_20200305a_3T2_PL2017,langlocSN,2
836,836_FED_20210308a_3T2_PL2017,langlocSN,2
837,837_FED_20210629a_3T1_PL2017,langlocSN,2
